[
  {
    "svnr": "4774 140482",
    "vorname": "Martin",
    "familienname": "Wimmer",
    "geschlecht": "m",
    "gebdat": "1982-04-14",
    "strasse": "Dreistücken",
    "hausnr": "26/2",
    "plz": 1150,
    "ort": "Wien",
    "account": "wimmer.martin",
    "passwd": "e7dc750b88b2a23cd8f2dff9e30ef591"
  },
  {
    "svnr": "2476 280582",
    "vorname": "Hans",
    "familienname": "Pichler",
    "geschlecht": "m",
    "gebdat": "1982-05-28",
    "strasse": "Basteistraße",
    "hausnr": "34",
    "plz": 1080,
    "ort": "Wien",
    "account": "pichler.hans",
    "passwd": "a9685f75d6e61f1208e2351b731d8b22"
  },
  {
    "svnr": "3247 130879",
    "vorname": "Aleksandra",
    "familienname": "Hofer",
    "geschlecht": "w",
    "gebdat": "1979-08-13",
    "strasse": "Berkersheimer Weg",
    "hausnr": "86/5/13",
    "plz": 3002,
    "ort": "Purkersdorf",
    "account": "hofer.aleksandra",
    "passwd": "284b8e39d8b4cdfaea701a1d07bb8e26"
  },
  {
    "svnr": "2627 131170",
    "vorname": "Pia",
    "familienname": "Moser",
    "geschlecht": "w",
    "gebdat": "1970-11-13",
    "strasse": "Myliusstraße",
    "hausnr": "74a",
    "plz": 1060,
    "ort": "Wien",
    "account": "moser.pia",
    "passwd": "c8550bb410d263170a57f58fe055d676"
  },
  {
    "svnr": "3918 070970",
    "vorname": "Oxana",
    "familienname": "Mayer",
    "geschlecht": "w",
    "gebdat": "1970-09-07",
    "strasse": "Landgraf-Philipp-Straße",
    "hausnr": "47/7",
    "plz": 1210,
    "ort": "Wien",
    "account": "mayer.oxana",
    "passwd": "bfade05e94692ab1489457b812658e0c"
  },
  {
    "svnr": "5241 061284",
    "vorname": "Egon",
    "familienname": "Bauer",
    "geschlecht": "m",
    "gebdat": "1984-12-06",
    "strasse": "Leinpfadbrücke",
    "hausnr": "5/2",
    "plz": 1110,
    "ort": "Wien",
    "account": "bauer.egon",
    "passwd": "bd0c08e41e923328003f3fed9b47637f"
  },
  {
    "svnr": "3981 270482",
    "vorname": "Elisabeth",
    "familienname": "Weber",
    "geschlecht": "w",
    "gebdat": "1982-04-27",
    "strasse": "Dringsheide",
    "hausnr": "25/21",
    "plz": 1070,
    "ort": "Wien",
    "account": "weber.elisabeth",
    "passwd": "06703f0e024be4ecee550665dab74ed5"
  },
  {
    "svnr": "3994 240387",
    "vorname": "Moritz",
    "familienname": "Nikolic",
    "geschlecht": "m",
    "gebdat": "1987-03-24",
    "strasse": "Konrad-Glatt-Straße",
    "hausnr": "149",
    "plz": 1090,
    "ort": "Wien",
    "account": "nikolic.moritz",
    "passwd": "1fa887f43814fc13b61fd0fca4981953"
  },
  {
    "svnr": "3050 220793",
    "vorname": "Johann",
    "familienname": "Leitner",
    "geschlecht": "m",
    "gebdat": "1993-07-22",
    "strasse": "Holsteiner Straße",
    "hausnr": "139",
    "plz": 1040,
    "ort": "Wien",
    "account": "leitner.johann",
    "passwd": "2db1be754d9ed4f365075cac29294ed5"
  },
  {
    "svnr": "4162 090277",
    "vorname": "Machmud",
    "familienname": "Abdul",
    "geschlecht": "m",
    "gebdat": "1977-02-09",
    "strasse": "Adalbert-Stifter-Straße",
    "hausnr": "21",
    "plz": 1210,
    "ort": "Wien",
    "account": "abdul.machmud",
    "passwd": "d352db9b340d084cd8731aab0b2dfb43"
  },
  {
    "svnr": "5298 250485",
    "vorname": "Ivana",
    "familienname": "Koch",
    "geschlecht": "w",
    "gebdat": "1985-04-25",
    "strasse": "Rubinsteinstraße",
    "hausnr": "69a",
    "plz": 1220,
    "ort": "Wien",
    "account": "koch.ivana",
    "passwd": "530c3ade1e8faffeef756c507ef90235"
  },
  {
    "svnr": "3023 070174",
    "vorname": "Carina",
    "familienname": "Kaiser",
    "geschlecht": "w",
    "gebdat": "1974-01-07",
    "strasse": "Sandweg",
    "hausnr": "11",
    "plz": 2381,
    "ort": "Wolfsgraben",
    "account": "kaiser.carina",
    "passwd": "e61296e0fd76c16ee916ce533fa11d6d"
  },
  {
    "svnr": "2086 260967",
    "vorname": "Markus",
    "familienname": "Ziegler",
    "geschlecht": "m",
    "gebdat": "1967-09-26",
    "strasse": "Albrecht-Dürer-Str.",
    "hausnr": "61",
    "plz": 1130,
    "ort": "Wien",
    "account": "ziegler.markus",
    "passwd": "8c7b3d8576488645115a80c1e9c32d6c"
  },
  {
    "svnr": "3422 250480",
    "vorname": "Carolin",
    "familienname": "König",
    "geschlecht": "w",
    "gebdat": "1980-04-25",
    "strasse": "Robert-Bunsen-Straße",
    "hausnr": "13/2/8",
    "plz": 1220,
    "ort": "Wien",
    "account": "könig.carolin",
    "passwd": "ca33af7d7d47d019c4908e66fbbfe18c"
  },
  {
    "svnr": "2137 050467",
    "vorname": "Sonja",
    "familienname": "Seidl",
    "geschlecht": "w",
    "gebdat": "1967-04-05",
    "strasse": "Auf der Scholle",
    "hausnr": "123/9",
    "plz": 2362,
    "ort": "Biedermannsdorf",
    "account": "seidl.sonja",
    "passwd": "03547ef4ee26e514dc353aa8ecd82e3a"
  },
  {
    "svnr": "2111 180584",
    "vorname": "Andrea",
    "familienname": "Holzer",
    "geschlecht": "w",
    "gebdat": "1984-05-18",
    "strasse": "Seefelder Weg",
    "hausnr": "57",
    "plz": 1210,
    "ort": "Wien",
    "account": "holzer.andrea",
    "passwd": "a9ea57af46bc262463d5612a7f421249"
  },
  {
    "svnr": "4254 011169",
    "vorname": "Lisa",
    "familienname": "Hofbauer",
    "geschlecht": "w",
    "gebdat": "1969-11-01",
    "strasse": "Bürgeler Straße",
    "hausnr": "107/5/10",
    "plz": 1120,
    "ort": "Wien",
    "account": "hofbauer.lisa",
    "passwd": "a644eca97625343b80241dd893091997"
  },
  {
    "svnr": "2019 280621",
    "vorname": "Jennifer",
    "familienname": "Novak",
    "geschlecht": "w",
    "gebdat": "1981-06-28",
    "strasse": "Hubertusplatz",
    "hausnr": "104/5",
    "plz": 1020,
    "ort": "Wien",
    "account": "novak.jennifer",
    "passwd": "f9be1694a9f6546326843eb84ccbaf91"
  }
]
